# kind	old	new	reason (see README.md; apply.sh reads this file)
file	internal/cli/a4.go	internal/cli/item.go	holds id, item and field verbs plus the tracker helpers they share
file	internal/cli/a4_workflow.go	internal/cli/item_workflow.go	item show/claim/release/state/note/comment
file	internal/cli/a4b.go	internal/cli/backlog.go	backlog, summary, status, refactor verbs
file	internal/cli/a4c.go	internal/cli/config.go	update, config and repo verbs; config is the biggest group
file	internal/cli/a4d.go	internal/cli/issues.go	rota issues and migrate issues
file	internal/cli/a6.go	internal/cli/debug.go	debug counter/verdict/reset; spike verbs stay here (splitting is not a rename)
file	internal/cli/a6_docs.go	internal/cli/design_plan.go	design and plan groups, validate-docs, rename-check
file	internal/cli/a6_issue.go	internal/cli/artifact_issue.go	issue-mode halves of design/plan/proof plus shared openers
file	internal/cli/a6_milestone.go	internal/cli/milestone.go	milestone group
file	internal/cli/a6_milestone_issue.go	internal/cli/milestone_issue.go	issue-mode milestone verbs
file	internal/cli/a6_proof.go	internal/cli/proof.go	proof group and plan uncertain
file	internal/cli/a4_test.go	internal/cli/item_test.go	tests for item.go and its shared helpers
file	internal/cli/a4_issue_test.go	internal/cli/item_issue_test.go	item verbs in issue mode
file	internal/cli/a4_readonly_test.go	internal/cli/readonly_test.go	read-only verb set against the contract
file	internal/cli/a4_umbrella_test.go	internal/cli/item_umbrella_test.go	item verbs in an umbrella project
file	internal/cli/a4_workflow_test.go	internal/cli/item_workflow_test.go	tests for item_workflow.go
file	internal/cli/a4b_test.go	internal/cli/backlog_test.go	tests for backlog.go
file	internal/cli/a4c_test.go	internal/cli/config_test.go	tests for config.go
file	internal/cli/a4d_test.go	internal/cli/issues_test.go	tests for issues.go
file	internal/cli/a6_test.go	internal/cli/debug_test.go	tests for debug.go
file	internal/cli/a6_docs_test.go	internal/cli/design_plan_test.go	tests for design_plan.go
file	internal/cli/a6_issue_test.go	internal/cli/artifact_issue_test.go	tests for artifact_issue.go
file	internal/cli/a6_milestone_test.go	internal/cli/milestone_test.go	tests for milestone.go
file	internal/cli/a6_milestone_issue_test.go	internal/cli/milestone_issue_test.go	tests for milestone_issue.go
file	internal/cli/a6_proof_test.go	internal/cli/proof_test.go	tests for proof.go
file	cmd/rota/scenarios_a4_test.go	cmd/rota/scenarios_item_test.go	item verb scenarios; suite Item
file	cmd/rota/scenarios_a4_issue_test.go	cmd/rota/scenarios_item_issue_test.go	item verbs in issue mode; suite ItemIssue
file	cmd/rota/scenarios_a4b_test.go	cmd/rota/scenarios_backlog_test.go	backlog, summary, status, refactor; suite Backlog
file	cmd/rota/scenarios_a4c_test.go	cmd/rota/scenarios_config_test.go	config, repo, update; suite Config
file	cmd/rota/scenarios_a4d_test.go	cmd/rota/scenarios_issues_test.go	issue sync and migrate; suite Issues
file	cmd/rota/scenarios_a4u_test.go	cmd/rota/scenarios_umbrella_test.go	umbrella projects; suites Umbrella and UmbrellaFile
file	cmd/rota/testdata/frozen/a4.jsonl	cmd/rota/testdata/frozen/item.jsonl	record name follows TestFrozen<Suite>, contents untouched
file	cmd/rota/testdata/frozen/a4issue.jsonl	cmd/rota/testdata/frozen/itemissue.jsonl	record name follows TestFrozen<Suite>, contents untouched
file	cmd/rota/testdata/frozen/a4b.jsonl	cmd/rota/testdata/frozen/backlog.jsonl	record name follows TestFrozen<Suite>, contents untouched
file	cmd/rota/testdata/frozen/a4c.jsonl	cmd/rota/testdata/frozen/config.jsonl	record name follows TestFrozen<Suite>, contents untouched
file	cmd/rota/testdata/frozen/a4d.jsonl	cmd/rota/testdata/frozen/issues.jsonl	record name follows TestFrozen<Suite>, contents untouched
file	cmd/rota/testdata/frozen/a4umbrella.jsonl	cmd/rota/testdata/frozen/umbrella.jsonl	record name follows TestFrozen<Suite>, contents untouched
file	cmd/rota/testdata/frozen/a4umbrellafile.jsonl	cmd/rota/testdata/frozen/umbrellafile.jsonl	record name follows TestFrozen<Suite>, contents untouched
ident	suiteA4	suiteItem	scenario suite named for its verb group
ident	suiteA4Issue	suiteItemIssue	scenario suite named for its verb group
ident	suiteA4B	suiteBacklog	scenario suite named for its verb group
ident	suiteA4C	suiteConfig	scenario suite named for its verb group
ident	suiteA4D	suiteIssues	scenario suite named for its verb group
ident	suiteA4Umbrella	suiteUmbrella	scenario suite named for its verb group
ident	suiteA4UmbrellaFile	suiteUmbrellaFile	scenario suite named for its verb group
ident	TestFrozenA4	TestFrozenItem	frozen test follows its suite
ident	TestFrozenA4Issue	TestFrozenItemIssue	frozen test follows its suite
ident	TestFrozenA4B	TestFrozenBacklog	frozen test follows its suite
ident	TestFrozenA4C	TestFrozenConfig	frozen test follows its suite
ident	TestFrozenA4D	TestFrozenIssues	frozen test follows its suite
ident	TestFrozenA4Umbrella	TestFrozenUmbrella	frozen test follows its suite
ident	TestFrozenA4UmbrellaFile	TestFrozenUmbrellaFile	frozen test follows its suite
ident	a4ReadOnlyVerbs	readOnlyVerbs	set of verbs with no changed data
ident	a4MarkReadOnly	markReadOnly	wraps those verbs so exit 4 becomes 1
ident	a4ItemCommands	itemCommands	builder for the id and item groups
ident	a4Obj	jsonObj	ordered JSON object builder
ident	a4Args	argCount	positional argument count check
ident	a4Scope	backlogScope	project root a verb works on
ident	a4Open	openBacklog	opens the file or issue backend
ident	a4Fail	backlogFail	maps backend errors to exits
ident	a4FailRead	backlogFailRead	read-only variant of backlogFail
ident	a4Item	resolveItem	normalises an item reference to id and type
ident	a4Type	itemType	type of an item id
ident	a4Today	todayDate	today as YYYY-MM-DD
ident	a4Given	givenFlags	flags the caller set explicitly
ident	a4ReadInput	readInputFile	reads a --file or stdin body
ident	a4ReadErr	readInputErr	error for an unreadable input
ident	a4Counters	idCounters	counter names id next mints from
ident	a4IDNext	idNext	rota id next
ident	a4In	hasString	string slice membership
ident	a4Create	itemCreate	rota item create
ident	a4FieldValue	itemFieldValue	one field of an item
ident	a4FieldName	checkFieldName	validates a field name
ident	a4FieldGet	itemFieldGet	rota item field get
ident	a4FieldList	itemFieldList	rota item field list
ident	a4FieldSet	itemFieldSet	rota item field set
ident	a4Complete	itemComplete	rota item complete
ident	a4Reopen	itemReopen	rota item reopen
ident	a4Rm	itemRm	rota item rm
ident	a4RmLine	itemRmLine	one line of rm output
ident	a4Shipped	itemShipped	rota item shipped
ident	a4Ready	itemReady	rota item ready
ident	a4CommentAdd	itemCommentAdd	rota item comment add
ident	a4CommentList	itemCommentList	rota item comment list
ident	a4Decode	decodeText	normalises invalid UTF-8
ident	a4Newlines	newlineReplacer	CRLF to LF
ident	a4Flow	itemFlow	opens the issue backend for the workflow verbs
ident	a4Show	itemShow	rota item show
ident	a4Spell	spellID	how an id is written in output
ident	a4Null	nullIfEmpty	empty string to JSON null
ident	a4None	noneIfEmpty	empty string to none
ident	a4CommentRow	commentRow	one comment as text rows
ident	a4ClaimID	checkClaimID	validates a claim identity
ident	a4Claim	itemClaim	rota item claim
ident	a4Release	itemRelease	rota item release
ident	a4State	itemState	rota item state
ident	a4NoteKind	checkNoteKind	validates a note kind
ident	a4NoteAdd	itemNoteAdd	rota item note add
ident	a4NoteShow	itemNoteShow	rota item note show
ident	a4NoteRm	itemNoteRm	rota item note rm
ident	a4bCommands	backlogCommands	builder for backlog, summary, status, refactor
ident	a4Strings	anySlice	string slice to []any
ident	a4BacklogList	backlogList	rota backlog list
ident	a4BacklogIDs	backlogIDs	rota backlog ids
ident	a4BacklogMilestones	backlogMilestones	rota backlog milestones
ident	a4Drift	backlogDrift	rota backlog drift
ident	a4Backfill	backlogBackfill	rota backlog backfill
ident	a4Archive	backlogArchive	rota backlog archive
ident	a4AgeToday	ageToday	today for age maths, honours ROTA_TEST_TODAY
ident	a4Stale	backlogStale	rota backlog stale
ident	a4Summary	summaryVerb	rota summary
ident	a4StatusAdd	statusAdd	rota status add
ident	a4StatusRm	statusRm	rota status rm
ident	a4StatusShow	statusShow	rota status show
ident	a4StatusHandoff	statusHandoff	rota status handoff
ident	a4RefactorAge	refactorAge	rota refactor age
ident	a4RefactorReset	refactorReset	rota refactor reset
ident	a4RefactorTargets	refactorTargets	rota refactor targets
ident	a4Num	numText	number as text
ident	a4cCommands	configCommands	builder for update, config, repo
ident	a4Update	updateVerb	rota update
ident	a4ConfigShow	configShow	rota config show
ident	a4ConfigSet	configSet	rota config set
ident	a4ConfigCheck	configCheck	rota config check
ident	a4ConfigFill	configFill	rota config fill
ident	a4RepoWhich	repoWhich	rota repo which
ident	a4RepoResolve	repoResolve	rota repo resolve
ident	a4RepoUmbrella	repoUmbrella	rota repo umbrella
ident	a4dCommands	issuesCommands	builder for the issues group
ident	a4dScope	issuesScope	root, dir and env for forge calls
ident	a4dErr	issuesErr	maps forge errors to exits
ident	a4dNumber	issueNumber	parses an issue number argument
ident	a4dProvider	issuesProvider	rota issues provider
ident	a4dLabel	issuesLabel	rota issues label
ident	a4dImported	issuesImported	rota issues imported
ident	a4dClose	issuesClose	rota issues close
ident	a4dMigrateIssues	migrateIssues	rota migrate issues
ident	a4dMigrateFail	migrateIssuesFail	failure result of migrate issues
ident	a4Project	trackerProject	test fixture: a rota project dir
ident	a4dRepo	issuesRepo	test fixture: a git repo with an origin
ident	a4dForge	issuesForge	test fixture: fake forge CLI
ident	docsCommands	designPlanCommands	builder for the design and plan groups
ident	TestA4ReadOnlySetMatchesContract	TestReadOnlySetMatchesContract	covers every tracker group
ident	TestA4WrongBackendRefusals	TestWrongBackendRefusals	covers every tracker group
prefix	TestA4b	TestBacklog	tests live in backlog_test.go
prefix	TestA4c	TestConfig	tests live in config_test.go
prefix	TestA4d	TestIssues	tests live in issues_test.go
prefix	TestA4	TestItem	tests live in item_test.go and item_issue_test.go
ident	a4ItemKinds	itemKinds	kinds item create accepts
ident	a4Sections	itemSections	backlog heading per item kind
ident	a4BulletID	bulletID	pattern for an item bullet id
ident	a4GetFields	itemGetFields	fields item field get reads
ident	a4SetFields	itemSetFields	fields item field set writes
ident	TestA4bBacklogViewsInIssueMode	TestBacklogViewsInIssueMode	drop the stutter the prefix rule would leave
ident	TestA4cConfigCheckFailsOnRetiredLoop	TestConfigCheckFailsOnRetiredLoop	drop the stutter
ident	TestA4cConfigNeedsProjectAndRegisteredRepo	TestConfigNeedsProjectAndRegisteredRepo	drop the stutter
ident	TestA4cConfigRoundTrip	TestConfigRoundTrip	drop the stutter
ident	TestA4cConfigSetNotObjectIs70	TestConfigSetNotObjectIs70	drop the stutter
ident	TestA4dMigrateIssues	TestMigrateIssues	drop the stutter
