# path (after renames)	old text	new text	reason; \n in a field is a newline
internal/cli/item.go	The A4 item verbs	The item verbs	phase label
internal/cli/item.go	are the A4 verbs whose	are the tracker verbs whose	phase label
internal/cli/debug.go	The A6 verbs (milestone, plan, design, spike, proof, debug) live in	The debug and spike verbs live in	file now holds only these two groups
internal/cli/artifact_issue.go	through the A4 workflow	through the item workflow	phase label
internal/cli/readonly_test.go	an A3/A4 verb whose data line has no	a tracker verb whose data line has no	phase label
internal/cli/readonly_test.go	rota version is A3's and not in a4Commands	rota version is not one of them	a4Commands no longer exists
internal/cli/readonly_test.go	The A3/A4 section is two group files	The contract covers these verbs in two group files	phase label
internal/cli/tree.go	ported (A4-A8); their flags	ported; their flags	phase label
internal/cli/backlog.go	The A4 backlog views	The backlog views	phase label
internal/cli/backlog.go	the milestone verbs (A6) own the rest	the milestone verbs own the rest	phase label
internal/cli/backlog.go	in the tracker (A6/A8)	in the tracker	phase label
internal/cli/issues.go	The A4 `rota issues	The `rota issues	phase label
internal/cli/config.go	The A4 `rota update`	The `rota update`	phase label
internal/cli/config.go	(docs/design/contract/, "A3 and A4")	(docs/design/contract/version-config-repo.md)	name the contract file, not a phase
internal/cli/design_plan.go	groups (A6). Add, show	groups. Add, show	phase label
internal/cli/milestone.go	milestone group (A6). Every verb	milestone group. Every verb	phase label
internal/cli/verdict.go	debug group (a6.go)	debug group (debug.go)	file renamed
internal/cli/cwd_test.go	(A4 acceptance, section 15)	(acceptance, section 15)	phase label
internal/artifact/artifact.go	what the A6 file-mode verbs	what the file-mode verbs	phase label
internal/artifact/artifact.go	internal/cli's A6 glue	internal/cli's glue	phase label
cmd/rota/frozen_test.go	is a4b, list/std	is backlog, list/std	suite renamed
cmd/rota/harness_test.go	scenarios_a4 (item verbs), a4b (backlog, summary, status,\n// refactor), a4c (config, repo, update), a4d (issue sync and migrate),\n// a4_issue (item verbs in issue mode) and a4u (umbrella projects).	scenarios_item (item verbs), backlog (backlog, summary, status,\n// refactor), config (config, repo, update), issues (issue sync and migrate),\n// item_issue (item verbs in issue mode) and umbrella (umbrella projects).	suites renamed
cmd/rota/scenarios_umbrella_test.go	for the A4 verbs in an umbrella	for the tracker verbs in an umbrella	phase label
cmd/rota/scenarios_umbrella_test.go	the A4 harness (scn)	the shared harness (scn)	phase label
cmd/rota/scenarios_item_test.go	Scenarios for the A4 item verbs	Scenarios for the item verbs	phase label
cmd/rota/scenarios_item_issue_test.go	for the A4 item verbs in issue mode	for the item verbs in issue mode	phase label
cmd/rota/scenarios_backlog_test.go	for the A4 backlog views	for the backlog views	phase label
cmd/rota/scenarios_config_test.go	testdata/frozen/a4c.jsonl	testdata/frozen/config.jsonl	record renamed
internal/cli/design_plan.go	(a6_stores.go)	(artifact_stores.go)	file renamed
internal/cli/ship.go	(A8, #52)	(#52)	phase label
internal/cli/release.go	(A8, #52)	(#52)	phase label
internal/cli/git.go	(A8, #52)	(#52)	phase label
internal/cli/tracker.go	(A8, #52)	(#52)	phase label
internal/cli/review.go	(A8, #52)	(#52)	phase label
